"volume","open_lastclose_ratio","high_close_ratio","trsrange_ratio","adosc5_ratio","b_upper5_ratio","aroondown5_ratio","cci5_ratio","dx5_ratio","roc5_ratio"
0.1614683064,0.324940048,0.1269572577,-0.0519480519,-0.0116298733,0.0034262975,-0.0666666667,0.0164751014,0.002137237,-0.1498254137
1,-0.324940048,0.3907097895,0.0727272727,0.0925124982,0.0535181017,-0.1,0.0084514564,0.0021516776,0.336589263
0.1438204569,0.3333333333,0.1288106483,-0.0519480519,0.0015344243,-0.0237180414,-0.2,-0.0047849723,0,-0.0407866675
0.1921796675,0.3296836983,0.3220266209,0,0.0007776681,-0.1820794685,0.6,-0.0092380498,-0.002309035,0.0584416999
0.1441463226,-0.1648418491,0.2614379085,0,0.000291524,-0.0553079689,0.1333333333,0.106558779,0.0070523622,-0.007177255
0.4067222391,-0.3345679012,0.6108597285,0.2545454545,0.0003531976,0.0450336426,0,0.0047086685,0.0022620172,0.094314559
0.1300915127,0.5211538462,0.202065559,-0.1060606061,6.67619048217472E-05,-0.009777496,-0.04,-0.0054046995,6.80510244769111E-19,-0.0367513558
0.1748176911,0,0.338066261,0.1090909091,-0.0001030458,-0.1347384663,0.05,-0.0024856103,0.0002553646,0.0323407912
0.146621791,0,0.1347103727,-0.1136363636,-0.0001873753,-0.2620830013,-0.04,-0.0039339517,-6.30711222203387E-19,-0.0058039729
0.1486106827,0.1723918575,0.1336898396,0.0606060606,-0.0003078888,-0.239500663,-0.05,-0.0539759944,-0.001121107,-0.0371669225
0.2100485873,0.3421717172,0,0.1363636364,-0.0007375175,0.2923327768,-0.0666666667,0.0003665172,-0.0031433393,-0.2190999755
0.2548491964,-0.5,0.4025944979,0.0519480519,-0.0003239928,0.0009059219,-0.1,-0.0100477808,0.0453986079,-0.0686447671
0.2253635347,0.1717363752,0.1326846528,-0.0808080808,-0.0003955304,0.0120014575,-0.2,0.0173346719,-1.71335041155507E-18,0.3032520226
0.1546928919,0,0.2673796791,0.0363636364,-0.0003040446,-0.0097717147,0,-0.0276737176,0.002124929,-0.0453861817
0.2333505771,-0.1710858586,0.2714932127,-0.0606060606,0.0003191658,0.0321662512,1,0.0209441373,0.0011084484,-0.2252117348
0.1902907574,-0.1737179487,0.2044060868,0,0.0002198976,-0.1900127748,0,-0.0020430605,0.0007041768,0.1450564878
0.1701315201,0.1743886744,0.1357466063,0.0454545455,-0.00017448,-0.013901122,0,-0.0037545442,0.0002680872,-0.0560149586
0.1349446899,0,0.2051983584,-0.0727272727,6.59973657914966E-05,-0.1251221068,-0.04,0.000345372,7.78641897041768E-19,0.1234835228
0.4380142337,0.1750645995,0.0651182982,0.6666666667,-0.0011497203,0.2935568843,-0.05,-0.0354055654,-0.0009737441,-0.1419719914
0.4168718448,-0.1666666667,0.4541522491,-0.038961039,-0.000698649,0.2181608632,-0.0666666667,-0.0030149366,0.0015383849,0.0558839673
0.1667032648,0.3321078431,0.0644053242,-0.0991735537,-0.0012020525,0.1616953286,-0.1,-0.0037887221,0,0.0192270607
0.1672172439,0.1648418491,0.2595155709,0.0363636364,-0.0007769024,0.0282988968,-0.2,-0.0035234524,0.0001442149,-0.0153224884
0.258482599,-0.3321078431,0.5347593583,0.0606060606,0.0020099479,-0.1406890392,0,-0.029535883,-0.0028478587,-0.0374333753
0.1891328232,0.1710858586,0.0651182982,0,-0.000415792,0,0,-0.0054046931,3.40304325164003E-18,-0.0754516472
0.1418971086,0,0.1975417032,-0.0681818182,-0.0002434251,-0.0289368261,0.6,0.0008451456,4.15927508533781E-18,-0.047712071
0.1458056455,-0.3370646766,0.2673796791,0.0727272727,-0.0001719605,-0.0915607247,0.1333333333,0.0152676068,0.0099204313,0.1118006159
0.2047229049,0.1710858586,0.338066261,0,0.0004612198,-0.0803384966,0,-0.0002154711,0.0010975265,0.0081554354
0.1601452176,0,0,-0.0519480519,-0.0011951078,0.0089334144,-0.04,-0.0075191416,0,-0.08958584
0.1359900522,0.3395989975,0.1326846528,-0.0363636364,-0.0012229234,-0.1280605668,-0.05,-0.0225873298,-0.0021176812,-0.2592084263
0.2187480906,0.679197995,0.0646412411,0.1818181818,-0.0037506555,0.1752758508,-0.0666666667,0.0340127999,0.0043501782,-0.1517479024
0.1834164723,-0.3308913309,0.3950834065,-0.0454545455,-0.0104898411,0.0263591304,-0.1,-0.0065175042,-0.0010327629,-0.014175764
0.1260122666,0,0.0656024492,-0.0909090909,-0.0001984442,-0.0405876223,-0.2,-0.0085887407,-0.0015857377,0.0771861678
0.1634690478,0.167905824,0,0,-0.0111478506,0.0497763414,0,0.0359186896,0.0045593513,-0.0199266098
0.2088651023,0,0.5307386112,0.303030303,-0.0034517459,0,0,-0.0265631239,-0.0026554311,-0.0754516472
0.169087639,0.1697994987,0,-0.0909090909,-0.0581709002,-0.0724237631,1,-0.0034208276,-5.73043781086928E-19,-0.0367584948
0.1857275267,-0.1672839506,0.332963374,0.0909090909,-0.0025470966,0.0230116965,0,0.0215512137,0.0129805639,0.00140768
0.1389143266,0.1704402516,0.1997780244,-0.0606060606,-0.0168777389,-0.0088170266,0,-0.0045188029,4.57200711873783E-19,0.0247765632
0.1482133487,0,0.1336898396,0,0.0020312343,-0.1305920049,0,0.0015963862,0.002395762,0.0737872726
0.1561415131,0.3421717172,0.2663706992,0.0454545455,0.0026157023,-0.0052244575,-0.04,-0.0099871478,-0.0030892772,-0.0658074517
0.2686581258,-0.1704402516,0,0.1090909091,-0.002808244,0.0415451844,-0.05,-0.2084229223,0.0338763494,-0.1497854922
0.3259493894,0.1666666667,0.1939237233,0,-0.0176486548,0.1621093971,-0.0666666667,-0.0008267729,0.0044079749,0.5395504582
0.1578497159,0,0.1953548947,-0.0909090909,0.0004475696,0.0440738249,-0.1,-0.0048688194,-4.32293235032902E-19,-0.0188629118
0.1215438332,-0.5,0.0658472344,0.0454545455,0.0007204845,-0.0328900951,-0.2,-0.0172912144,-0.0030833557,-0.0249600146
0.1226832522,-0.1685323383,0.332963374,0,-0.00162881,0,0.2,0.0089015883,-3.47515918523914E-18,-0.0754516472
0.2301515387,-0.1704402516,0.0663423264,0,0.0019446362,-0.0241901271,0.8,0.0010775607,0.0308777831,-0.0918783896
0.2121611598,0,0.2683963319,-0.0363636364,-0.0033020819,-0.1056990188,-0.04,-0.0004772413,8.78631102583157E-19,0.0743461285
0.418210116,0.3434727503,0.1960784314,0.2727272727,-0.2209988388,-0.0342868491,-0.05,-0.0243202068,0.0008034118,-0.0678507986
0.2525162942,0.3345679012,0,-0.0363636364,0.0237949754,0.3261069231,-0.0666666667,0.004016301,0.0021804371,-0.8384141989
0.1685673648,-0.162470024,0.0632511069,-0.0909090909,0.002277294,0.199634848,-0.1,-0.0037904145,0.0003767721,0.0313764963
0.1910676508,0,0.1904358866,0.0454545455,0.000293685,0.08371797,-0.2,-0.0035754227,0.0001666536,-0.0110219377
0.2237853078,0,0.1269572577,0.0727272727,0.0005029643,-0.1105588027,0,-0.0056157303,-0.0019222964,0.0199387433
0.1595682872,-0.324940048,0.0632511069,-0.0519480519,0.0005194274,-0.1548558261,0,0.0021587803,-2.20683815668768E-18,-0.0313543512
0.1658386098,-0.3237753883,0.1274155872,-0.0363636364,4.51965666099886E-05,0.0128696376,0,-0.0346358792,0,-0.0835939113
0.2075249796,0.4891696751,0.2548311743,0.0454545455,-0.0007081417,-0.0162276985,0.4,-0.0161634103,0.0021342833,0.0749107752
0.1987454911,-0.4891696751,0.3220266209,0.0727272727,-0.0011561192,0.0426577874,0.3,-0.0538780343,-0.0025309696,0.0759944648
0.1914760939,0,0.1274155872,-0.025974026,-0.0006350174,-0.0140303233,-0.04,-0.0083810276,-3.05712753574042E-18,-0.0565887354
0.1720637556,-0.3261131167,0.0639386189,-0.0606060606,0.0002672372,-0.0594757038,-0.05,0.0100059207,1.83427652144425E-18,0.1500919863
0.1334657039,0,0.1918158568,0,-0.0007074517,-0.0139119239,-0.0666666667,-0.0153470764,0.0034732169,-0.0501195057
0.2206769934,0.490942029,0,0.1818181818,0.0020162945,0.2484435801,-0.1,0.0484902309,0.0060409574,-0.6036131775
0.1646229086,-0.4771126761,0.1256018422,-0.0454545455,0.0007330368,0.0356476311,-0.2,-0.0065341446,4.11211148012459E-19,0.0008261129
0.1673672162,-0.1607354686,0.0623570983,0.0303030303,0.0008714138,0.0651282503,0.2,-0.0016503182,-4.11211148012459E-19,-0.0114792346
0.1900759823,-0.1595995289,0.3822467615,0,-0.0004917007,-0.0093686177,-0.2,-0.0195920125,-0.0013540221,-0.0628308101
0.1754216536,0,0,-0.1038961039,0.0004998651,-0.0258341568,0,0.0126380574,7.07343295594725E-19,0.1509032944
0.2287473537,-0.3237753883,0.5209463859,0.3636363636,-0.0008562378,0.020398724,1,0.0060777051,0.001241403,-0.3931987248
0.2620115764,1,0.2539145154,0.0404040404,-0.0010847682,-0.0427923958,-0.04,-0.0117865906,-0.0027903904,-0.0578538362
0.2035201642,-0.4874100719,0.0630252101,-0.0495867769,0.0004630945,-0.0807910578,-0.05,0.0123280248,0.0089682456,-0.0005332272
0.1006510278,-0.3226190476,0.1269572577,-0.1136363636,-0.0002757998,0.0100282882,-0.0666666667,0.0061647281,1.48083991917905E-18,-0.1011469735
0.1665966179,-0.162470024,0.3232062056,0.2424242424,-0.0010552429,-0.0305388508,-0.1,-0.0269158272,0.0049122532,-0.5249162981
0.2544418643,-0.8272283272,0.1982815598,0.1038961039,-0.0001398852,0.0723457718,0.8,0.0112297512,0.0010576905,-0.0236656458
0.1315582787,0.5074906367,0.1312048983,-0.1157024793,-0.0002792028,-0.0481163329,-0.04,-0.0062318589,-0.0004470414,0.0900398703
0.1549820978,0,0.0646412411,0.1363636364,0.0014348822,-0.1528862323,-0.05,-0.0092525341,-0.0014897257,-0.0171862085
0.1644781205,0,0.3950834065,0,-0.0009854367,-0.1838419287,-0.0666666667,0.0047365305,0,0.0331118739
0.1427739836,-0.1685323383,0.2653693056,-0.0779220779,-0.0032752279,-0.0670952259,-0.1,0.0408338787,0.0005013757,-0.0216681653
0.2047129068,0.5093984962,0.4643962848,0.1363636364,-1,0.0049973014,-0.2,-0.0022151944,-0.0027196356,-0.0644306201
0.1323322097,0.1697994987,0.1312048983,-0.025974026,0.0011399247,0,1,-0.0025941276,0.0042507967,-0.0754516472
0.1756879006,0,0.331711632,0,0.0011738007,-0.1669090891,0,0.0134695086,2.24092282107141E-18,0.5165535846
0.1523514728,0.1697994987,0.2673796791,-0.0303030303,0.0007968358,-0.0054654525,0,0.0107756069,0.004025512,-0.0315320317
0.1389213623,0.1710858586,0.1982815598,0.0363636364,0.0001504196,0.0105137572,-0.04,-0.0098776396,-0.0027782081,-0.0944563854
0.0951264933,0.3383270911,0,-0.1212121212,-0.0005412073,0.0481875222,-0.05,-0.0718373791,-5.90042187283708E-19,0.1509032944
0.3197301684,0.167905824,0.1918158568,0.7272727273,-0.0012288077,0.2456001394,-0.0666666667,0.0120433253,0.0376087564,0.0986387705
0.2043533436,-0.163647343,0.128342246,-0.0545454545,-0.0020076089,0.1143284531,-0.1,-0.0057839655,0,0.0226517029
0.1864733147,0.4927272727,0.1918158568,0.025974026,-0.0040139627,0.0328532971,-0.2,-0.0011755701,0.0003345065,0.0259126869
0.2624522357,0,0.1256018422,0,0.0227188258,0.1133686138,0,0.0104893398,0.0004479207,0.011586208
0.1460737441,-0.4822064057,0.1260504202,-0.0909090909,0.0013688639,-0.024823947,0,-0.0038045358,-5.95088701593931E-19,-0.0166089792
0.1618000969,0.3226190476,0,-0.0454545455,0.0017535222,0.1057871282,0,0.000221985,0.000097646,-0.0286547264
0.2429091809,-0.1595995289,0.2530044276,0.0606060606,-0.0009719519,-0.0253146522,0,-0.006573913,-0.0008284447,-0.0321796376
0.1929169387,0,0.4524886878,0.1818181818,-0.0021320618,0.0602633813,0,-0.0621669627,-0.002134045,-0.1318353509
0.1279367258,0,0.1297577855,-0.1136363636,-0.0044873365,-0.0037078097,1,-0.0037041149,0.0010483207,0.1468756264
0.1437615789,0.4981617647,0.1288106483,0.0606060606,0.0065414387,-0.0521775163,-0.04,-0.0057138109,-0.0026064295,-0.0249709023
0.1264381138,0.1648418491,0.1274155872,0.0454545455,0.0004552062,-0.1721886097,-0.05,-0.0169441394,0.0093931329,-0.0007998408
0.3905744827,-0.1630565584,0.790166813,0.5090909091,0.0019460607,-0.0633274396,0.1333333333,-0.0573753804,0.0044331501,0.0648595701
0.4641919882,0.3370646766,0.8207934337,-0.0669856459,0.0059383824,0.1758418469,0,0.0015907195,0.0004942093,0.0296982507
0.2115501617,0.350129199,0.067099083,-0.0909090909,0.0005111058,-0.0423311777,-0.04,-0.004775382,-8.32393552260612E-19,-0.0300142214
0.136979499,0.1717363752,0.2673796791,0,0.000207933,-0.1288738625,-0.05,-0.0064289637,-0.0020582815,0.0077715809
0.154299261,-0.1710858586,0.2028397566,-0.0303030303,1.27747780432262E-05,-0.3782610946,-0.0666666667,0.0122879727,0.0022542986,0.0439635229
0.1405203261,0,0.3367759317,0.0727272727,0.000012728,-0.1559543655,-0.1,-0.0144316163,-0.0022852698,-0.0462070955
0.08039292,0,0.1336898396,-0.0779220779,-0.0001925999,-0.0250187184,-0.2,0.0170141161,3.44835651021607E-18,-0.1538277768
0.1045310515,-0.1710858586,0.3406768113,0.0454545455,6.59382439893313E-05,0.0283472275,1,-0.0282119597,0.0063798928,-0.1247964507
0.1454997762,0.1743886744,0,0.1090909091,-0.0006787584,0.0965050301,0,-0.0198132126,-0.0030352356,-0.1318260313
0.1358430423,0,0.1321877065,-0.0909090909,-0.0006659105,0.0788862099,-0.04,0.006757584,0.020900287,0.0771861678
0.108397374,0.3383270911,0.1316944688,0.0454545455,-0.0007759048,0.0695258734,-0.05,-0.0033040589,0.0017754068,-0.0002879834
0.1261866788,-0.1685323383,0.1307189542,0.0363636364,-0.0010605597,0.0899703799,-0.0666666667,-0.00054917,0.0021507083,-0.0005716034
0.0666665679,0.1672839506,0,-0.0909090909,-0.0017715163,-0.0434361457,-0.1,0.0029347838,0,0.0911828786
0.0949235678,-0.3321078431,0.1307189542,0.1212121212,-0.0027346452,0.0086961853,-0.2,-0.007150303,-0.0027061477,-0.058561434
0.1156141883,-0.6691358025,0.1312048983,0,-0.0121967753,-0.0180389012,0.2,-0.0235994696,0.0006635983,-0.0251505491
0.4402027181,-0.3358116481,0.1990269792,-0.0363636364,-0.0089556206,0.0360621607,0.8,0.0230905861,0.005663012,-0.1506217584
0.1771383733,0,0.4679144385,0.1363636364,0.0078864682,0.0246587291,0,-0.0039571438,-0.0015029731,0.1492265911
0.1494446026,0.6843434343,0.3304692664,0.025974026,0.0019363459,-0.1011748099,-0.04,-0.0135478197,0.003791448,-0.0130376008
0.0904310648,0.3383270911,0.1975417032,-0.0681818182,0.0005648404,-0.051408067,-0.05,0.011288731,1.03760570364052E-18,-0.0450474279
0.1387743524,0.5055970149,0.0646412411,0.0363636364,-0.0002618151,0.1416024245,-0.0666666667,0.0269390172,0.0043677047,-0.2269159203
0.1033627489,0.4963369963,0.1939237233,-0.0909090909,0.0001717468,0.1007505631,-0.1,-0.004027247,0.0007223453,0.0580779126
0.3294387445,0.6617826618,0,0.4848484848,-0.0017050677,0.3709328079,-0.2,0.0043993153,0.0010107561,0.1417576402
0.2397401369,0,0.1225490196,-0.0495867769,-0.0033324246,0.2855929652,0.2,-0.0024848137,0.0002155525,0.0028824225
0.140002644,0.6273148148,0.427437411,0.0227272727,0.084245106,0.1272857854,-0.2,-0.0009774067,0.0001171632,-0.000281536
0.1051409388,0,0,-0.0808080808,0.0047625136,0.0677362401,0,-0.0052513074,-0.0007436206,-0.0154904219
0.0967910005,-0.1557471264,0.1844640295,0.0363636364,0.000862219,-0.2124245803,0,-0.0095590061,-0.0005022327,-0.0133149966
0.1058089635,-0.4721254355,0.1242750621,-0.0303030303,0.0001731735,0,0,-0.2428656009,-0.0011972361,-0.0754516472
0.1939519326,-0.3180751174,0.3162555345,0.0363636364,-0.0013335109,0.078631929,1,-0.0004789159,-0.0030369105,-0.0459783475
0.1088198885,0.1618876941,0.0621375311,0,-0.0002680526,-0.0629473682,-0.04,-0.0066525276,0.0102019124,-0.033679109
0.1479396956,-0.1590375587,0.0614880098,-0.0303030303,0.0011785582,-0.0799733872,-0.05,-0.0261009144,0.0066600529,-0.0303367657
0.114863216,0.3147502904,0.1229760197,-0.0363636364,0.0002738622,0,-0.0666666667,0.0053878034,0.0006497275,-0.0754516472
0.1238060077,-0.1573751452,0.1242750621,0.0454545455,-6.16087952312047E-05,0,-0.1,-0.0107756069,-0.0029580941,0
0.1325362461,0.3180751174,0,-0.0363636364,0.0013563964,-0.0275745964,-0.2,0.0065025214,0.0172748263,-0.2352793299
0.0763188581,-0.1568287037,0.0610624873,-0.0454545455,0.0005406081,0.0392162245,0,0.0115452931,0.0023534757,-0.034272051
0.1248746991,0,0.0610624873,-0.0606060606,5.37676935379595E-05,0.029811392,0.4,-0.0029141578,-6.97089438914045E-19,-0.0455864656
0.1397019588,-0.6251441753,0.0614880098,0.3636363636,0.0004312708,0,-0.1,-0.0151148197,-0.0012335384,-0.0754516472
0.141189832,-0.3147502904,0,0.0606060606,0.0009049352,0.0482242271,-0.2,-0.0321714032,-0.0010004511,0.3049946865
0.2021307914,0,0.0588235294,0.0454545455,0.0009929936,0.3193302523,0.6,0.0138543517,0.0088011426,0.0361539143
0.2678193919,0.3011111111,0.1153402537,-0.0363636364,0.0007289633,0.3210143985,-0.0666666667,-0.0028332415,0.0008883169,0.0310683253
0.2228573312,-0.1476034858,0.1145912911,-0.0454545455,0.0003587191,0.2056850073,-0.1,-0.002571838,0.0001566727,0.0088766644
0.1450117182,0,0.1149645526,-0.0303030303,5.88470521289042E-05,-0.003840203,-0.2,-0.0038229109,0,0.0045246082
0.135564205,-0.4413680782,0.2337358785,0.1090909091,-0.0002217249,-0.1380950774,0,-0.0159514677,-0.0021656746,-0.0383718137
0.1204021923,0,0.1172562048,-0.0909090909,-0.0003291905,-0.0136408695,0,0.0277603287,-9.93017799273596E-19,-0.0681076869
0.152317405,0,0.1160990712,0.0454545455,-0.000298308,-0.0188678248,0.8,-0.0091255606,0.0022068846,-0.2233960534
0.2503141086,-0.4457236842,0.2376708259,0.1454545455,-0.000681788,-0.0378691517,0.05,0.0779394747,-0.0025519732,0.3368377106
0.1606617888,-0.1520763187,0.3577106518,-0.0404040404,-0.0011947245,-0.1012230655,0,-0.0039042054,-0.0028137516,0.0002457708
0.1085766001,0.3051801802,0.1184366364,-0.0779220779,-0.0014828888,-0.0376228102,-0.04,-0.0053878034,-4.70807019109507E-18,-0.0475604302
0.1171683456,-0.1515659955,0.0586281024,0.0454545455,-0.0007506616,0,-0.05,-0.0156322184,0.0458952113,-0.0754516472
0.1805821813,-0.150055371,0.0574822763,0.1454545455,0.0016528548,0.0999965933,-0.0666666667,0.0788808097,0.0065282994,-0.0562164411
0.1463018501,-0.1471226927,0.1718869366,0,0.00095148,0.1404871141,-0.1,-0.0034693556,0.0006618604,0.2077249052
0.0944680965,-0.2932900433,0.1741486068,-0.0606060606,3.75620717244815E-05,-0.0185544827,-0.2,-0.0074157769,7.79297985939792E-19,-0.0203923371
0.1148780281,-0.4457236842,0.0576701269,0.0303030303,0.0005315904,-0.0319778561,0.2,-0.007210503,-0.0014799737,-0.0005063869
0.1570213505,-0.4428104575,0.3553099092,0.0519480519,-0.0007864116,0.0565842017,0.8,-0.1751036116,-0.0032219827,-0.1034640112
0.1918852775,0.1515659955,0.3613732182,-0.0202020202,-0.001703295,0.041705194,0,-0.0024754773,1,0.2697744562
0.2775283383,0,0.6835128418,0.0909090909,-0.006820877,0.0015764665,0,-0.0003649022,0.0020722172,0.0534740802
0.2341837564,0.4771126761,0.1238390093,-0.0606060606,0.0010531778,-0.1173654733,0,-0.0019493223,0.0003908863,-0.0149331385
0.2126321839,-0.3169590643,0.3795066414,-0.0227272727,0.0024154302,-0.3032255335,0,-0.0012626452,8.27973322117901E-05,0.0310683253
0.1653579579,0.1618876941,0.1897533207,-0.0779220779,0.0012448207,-0.2677641182,0,-0.0011734729,0,-0.0209306583
0.2261548699,0.1618876941,0.5190311419,0.2272727273,0.001349724,-0.201773476,0,0.0067209613,0.0005120851,0.0093653832
0.1677656611,0.1660539216,0.192513369,-0.0606060606,0.0003226212,-0.0894995447,-0.04,-0.0044326128,-5.60023078257544E-19,-0.0420904813
0.1088284054,0.4927272727,0.3878474467,0.0303030303,0.0002623455,-0.2091161753,-0.05,-0.0029388019,-0.0005676299,0.0247975589
0.146457377,0.4963369963,0.1269572577,0,-0.0001722364,-0.0251348856,-0.0666666667,-0.0202042629,-0.0007211759,-0.0690287919
0.1538034267,-0.162470024,0.0634786289,-0.0519480519,-0.000648564,-0.0279339943,-0.1,0.003848431,0.0002949587,0
0.1901911462,0.162470024,0.1260504202,0.0727272727,-0.0010249737,0.0648025476,-0.2,0.0065478568,-0.0024390258,-0.6945989873
0.1221996379,0.3226190476,0.0625782228,-0.0519480519,-0.0015141208,0.0975693303,0.2,0.0016596359,-0.0026889166,-0.0101516762
0.1188658096,0.1601654846,0.2530044276,0,-0.0008232254,-0.0716044102,-0.2,-0.0058845513,-6.03885881873026E-18,-0.010305013
0.1092857283,0.1618876941,0.0630252101,-0.1090909091,-0.0007982792,0.0024098624,0.2,-0.003848431,6.6427447006033E-18,-0.0507534461
0.2526936688,0.4839285714,0.1212856277,1,-0.0041630019,0.3521135316,-0.2,0.0395105585,0.0919096155,0.4149840595
0.367091045,0.3104238259,0.1172562048,-0.013986014,0.0269890652,0.4713071802,0,-0.0021025574,0.0005886093,0.045561187
0.1793164893,-0.300110742,0.0586281024,-0.0909090909,0.002498779,0.2370270281,0.2,-0.0038539843,0,-0.0076700256
0.0888413586,-0.300110742,0.1176470588,-0.0909090909,0.0004207101,0.050366073,-0.2,-0.0030647222,-5.55749907526601E-19,0.0088389875
0.1202907315,0,0.0584339696,0.1212121212,0.0003380743,-0.1431951454,0,-0.0001842813,-5.55749907526601E-19,0.0033106335
0.156999873,-0.2991169978,0.1770607909,0.1090909091,0.0001324917,-0.1647852056,0,-0.0305308861,-0.0020921549,-0.0490518206
0.2926592456,0.3021181717,0.5439161966,0.0681818182,-0.0008816468,0.1217949639,1,0.0040408526,-0.0026344083,-0.1575147136
0.0919222707,0.3093607306,0.059618442,-0.0991735537,-0.0006029816,-0.041316267,-0.04,-0.0058668389,2.12152053725445E-18,-0.0335340654
0.0680618656,0.1525900901,0.0594177065,0,-0.0003266035,-0.0354834867,-0.05,-0.0059372176,-0.000504015,-0.0300297556
0.17661921,0,0.0590202636,0.0727272727,0.0005477609,-0.0772182256,-0.0666666667,-0.0303398293,0.0129278839,-0.0004996798
0.2444833344,-0.1510590858,0.2376708259,-0.0779220779,-0.0015135324,-0.0347197642,-0.1,0.0101021314,0.0011674963,-0.0246458558
0.2867177511,-0.4562289562,0.7456503728,0.5,-0.0041623119,0.1715250974,0.8,-0.0271128173,0.0026283717,0.233590031
0.2103937087,-0.1590375587,0,-0.0606060606,-0.001072623,-0.0283689654,0,-0.005094988,0.0002505417,-0.0196276244
0.1337667594,-0.6229885057,0.2450980392,-0.0727272727,0.0019067652,-0.0670511877,-0.04,-0.0058036356,-0.0009516279,0.0373447547
0.1594238694,0,0,0,-0.0062744636,-0.1786216345,-0.05,0.0024128585,0.0007437118,0.007822746
0.191207625,0,0.060851927,-0.0606060606,0.0080352411,-0.2053294266,-0.0666666667,-0.033900182,-0.0011775256,-0.0222798298
0.155078006,0,0.060435133,0.0909090909,0.0024750522,-0.0077899484,-0.1,0.0005832405,-0.0017489543,-0.1656292698
0.1281366888,-0.1546803653,0.1208702659,-0.0606060606,0.0005711205,0.0367316259,-0.2,0.0001874544,-0.0018961782,-0.0569790025
0.1492257542,0.3093607306,0.0592183182,0.1363636364,0.0007216337,0.1952363342,0.2,0.002821316,0.0112664152,0.3044264376
0.1540352357,-0.1515659955,0,-0.0779220779,0.000956024,0.1122282593,-0.2,-0.0037449978,4.02362121084865E-19,-0.0002610784
0.1894135121,0.6042363434,0.1164822365,0.1363636364,0.0005446677,0.1476894094,0.2,0.0024818986,0.00308323,0.0222972626
0.1425184753,0.298129813,0.1164822365,-0.0519480519,0.0001578573,0.0660211816,-0.2,-0.0023864811,-8.23958348424251E-19,-0.0120452313
0.2791698868,0.298129813,0.0563803796,0.2181818182,0.0006661149,0.2480702911,0,0.0068717201,0.0012095454,0.0685924065
0.7776884939,0.4329073482,0.1038062284,0.2975206612,0.0019925937,1,0,0.000870814,0.0006379599,0.0724133258
0.4055032051,-0.6642156863,0.0519031142,-0.1191222571,0.0010540522,0.4026222293,0,-0.0043583371,0,-0.0020428062
0.2912791303,-0.3985294118,0.4278074866,0,-0.0001561181,0.042274828,0,-0.0052891733,-0.0002356037,-0.0264199199
0.229353538,-0.2737373737,0.3228120516,0,-0.0003537325,-0.1549716986,0,-0.0098228565,-0.0014582008,-0.0055890109
0.2060985766,-0.5508130081,0.1089324619,0,-0.0002525337,-0.1509576449,0,-0.3453156648,-0.0020899404,-0.0433135846
0.1956616166,0,0.3308823529,-0.0181818182,-0.0004605474,-0.1155285947,0,-0.003157187,-0.0009372398,-0.2017423721
0.2200741419,-0.1411458333,0.5090497738,0.0202020202,-0.0008425998,-0.2084947085,1,0.0023990776,0.0007857916,0.0301806589
0.200676986,0.1447649573,0.1670068658,-0.0363636364,-0.0007403996,-0.1468689859,-0.04,-0.0044911962,-7.87477314029698E-19,-0.0393589761
0.1919745203,0.2849631966,0.3361344538,0.0227272727,-0.000941783,-0.1849861073,-0.05,-0.0026464981,7.87477314029699E-19,0.000460071
0.2106510686,-0.2867724868,0.0563803796,0,-0.0001540125,-0.1641815616,0.1333333333,0.0177763425,0.0059667583,-0.0108197519
0.2567210727,-0.7215122471,0.3482972136,0.0808080808,-0.000548481,-0.0017891446,0,0.0004025756,0.0012879717,0.0356680514
0.2732939357,0.1485745614,0.2941176471,-0.027972028,-0.0004070488,0.0685518493,0,-0.0021236924,0.0006103705,-0.0174119186
0.2013264956,-0.1505555556,0.2384737679,-0.0991735537,-0.0012931025,-0.0967790621,-0.04,-0.0018541491,6.66153974741965E-19,0.0545060795
0.3017120169,0,0.6106248728,0.2181818182,-0.0041889908,-0.1362314355,0.05,0.0016201087,0.0004686394,0.0185577974
0.1378904417,0.1562860438,0.1813053989,-0.0826446281,0.0081863032,-0.3394863546,-0.04,-0.0023643955,0,-0.0141205282
0.1706399447,-0.3093607306,0.3095975232,0.0303030303,0.0031387153,-0.1510511996,0.05,0.0043797753,0.0001922743,-0.0051648449
0.1731246707,0.1584795322,0.3741425899,-0.025974026,0.0017455567,-0.1684326619,0,-0.0016962852,7.72762694951468E-05,-0.0070421537
0.1989306421,0.4787985866,0.2476780186,0.0303030303,0.0005373246,-0.1932474841,0,-0.0038708822,3.84428900019439E-05,-0.025970241
0.0871990695,-0.3169590643,0.0619195046,-0.0779220779,-0.00009875,-0.0426515781,0,0.0017228441,5.30078606336374E-19,-0.0473501215
0.131385718,0,0,0.0909090909,-0.0007247566,-0.1474427699,0,-0.0183540557,-0.0012670004,-0.0007751882
0.1896730938,0.1568287037,0.4380475594,0.0303030303,0.0001630832,0.0125216104,0,-0.028285968,-0.0009563014,-0.017473013
0.3808859029,-0.3203309693,0.4508372692,0.0519480519,0.0011330056,0.1440429068,0,0.0107756069,0.002925598,0.1525029759
0.3101937827,0,0.0623570983,0.0202020202,-0.0005461417,-0.0247081567,-0.04,-0.008282078,-0.0014219473,-0.0588022779
0.1926232893,0.1595995289,0.1870712949,-0.1090909091,-0.0001814435,-0.0277461357,-0.05,-0.02032761,-0.0015015333,0
0.175781587,-0.1595995289,0,0,-0.001029027,-0.1165982244,-0.0666666667,-0.0067347543,0.0023767286,0.1112125841
0.2481907973,0.3191990577,0.2442499491,0.2727272727,-0.001181438,0.1558918282,-0.1,0.1019740357,-0.0010359771,-0.1833314491
0.4770514635,0.1562860438,0.1168679392,0.0909090909,-0.0044775735,0.4177930264,-0.2,0.0005624501,0.0037117079,0.2351668128
0.276945483,-0.2991169978,0.4801920768,-0.0727272727,0.0009864819,0.0688735413,0,-0.0052508254,0,-0.0467525981
0.2541167392,-0.9217687075,0.2450980392,0,-0.000511118,-0.0196154652,0.2,-0.015118503,-0.0028064666,-0.0411554439
0.3271528706,-0.3136574074,0.1168679392,0.1818181818,0.0054912886,0.114576534,-0.2,-0.0313005723,0.0153162012,0.2112646121
0.2071228317,-0.1495584989,0.1160990712,-0.1111111111,0.0017103498,0.1108356727,0,0.012847839,0.0003296605,-0.0171212443
0.2793861431,0,0,0.2077922078,0.0020450207,0.3549021797,0.4,0.0003780915,0.0012080604,-0.0080615005
0.3343726474,-0.2858649789,0.451043037,-0.0606060606,-0.0002337128,0.1571160839,-0.1,-0.0022657888,0.0003208217,0.0297333751
0.2531665444,0.7215122471,0.1680672269,-0.0909090909,-0.0005329465,-0.0909564017,-0.2,-0.0030447255,-6.77130631764437E-19,0.0340028805
0.2024507323,-0.4301587302,0.2277039848,0.1090909091,-0.000680088,-0.0503426555,0,-0.0125434799,-0.0018472401,-0.0541319765
0.1188006365,-0.5827956989,0.2291825821,0,-0.000667062,-0.0645421747,0,0.0824401813,-0.0018093189,-0.0379740198
0.1776623506,0.2932900433,0.056022409,0,0.0002716206,-0.0228772153,0,-0.0133325305,0.0038187933,-0.0935982459
0.127442743,-0.4301587302,0.0556689553,0,0.0005826591,0.0728592388,0.6,0.0192421551,0.000815793,-0.3801509508
0.4718039148,-0.1424815983,0.1604278075,0.2272727273,0.0018747256,0.4125833832,-0.0666666667,0.0149771828,0.0028723294,0.205695562
0.6997677096,0.5474747475,0.1038062284,0.0404040404,0.0025445345,0.46229136,-0.1,-0.0030789394,0.0004377073,0.0778855713
0.2515927612,-0.2656862745,0.1038062284,-0.1157024793,0.0008426436,0.1651196578,-0.2,-0.0015045656,0,0.0055527186
0.2404759269,0,0.3114186851,0,-3.09114091110558E-05,0.0510453408,0,-0.0017963642,0.0001664693,-0.0178149723
0.3245070633,-0.3985294118,0.6456241033,0.1136363636,-0.0006714844,-0.1641529869,0,-0.015928269,-0.002548548,-0.0424623781
0.2323555758,0.137703252,0.2139037433,-0.0839160839,-0.0007287218,0,0,0.0124405878,-2.05980675687868E-18,-0.0754516472
0.1806584635,0.1368686869,0.3237992445,0,-0.0010549511,-0.0608742516,0,-0.0008722471,-0.0010615527,-0.0831380316
0.1500204222,-0.1381243629,0.3267973856,0,-0.0014678361,-0.1278484237,1,0.0028839609,-0.0016684353,0.0174119186
0.145744916,0.1394032922,0.1614060258,0.0519480519,-0.0012995074,-0.312771533,0,-0.0042595134,-1.05557164466463E-18,-0.0188629118
0.2103626034,-0.4131097561,0.3247924937,-0.0404040404,-0.0031330389,-0.0109314606,-0.04,-0.00892836,-0.0019284208,-0.0624163016
0.1626473478,-0.1385480573,0.1066287542,0.025974026,-0.0158358426,0.0284648861,-0.05,-0.1294743461,0.0119547386,-0.1129488294
0.21148684,-0.2729103726,0.2165283291,0.0454545455,0.0005694749,-0.0033330611,0.1333333333,-0.0184170792,0.0036758669,-0.1515955113
0.1373957183,0.1385480573,0.4370788563,-0.0181818182,0.00587264,0.011749534,-0.04,0.0014285842,-0.0015036279,0.0006986264
0.2763804023,-0.419504644,0.1109877913,0,-0.0008472553,0.0425946681,0.05,0.0091178212,0.011037294,0.6698634043
0.2030117397,0,0.1102941176,-0.0808080808,-0.001889076,-0.0186903991,-0.04,-0.006636632,-0.0011793448,-0.0299029227
0.1273079531,0,0.1102941176,0,-0.0041878496,-0.1968803841,-0.05,-0.004174728,0,0.0607868255
0.1445477299,-0.5645833333,0.1085972851,0.2181818182,0.0290439691,-0.0290141972,-0.0666666667,-0.0237180477,-0.0022030285,-0.0684872035
0.2031206085,0.138974359,0.2681923833,-0.0165289256,0.0014133179,0.149452528,-0.1,0.0227779751,0.010000198,-0.532366266
0.2365092525,0.1372847011,0.1044204664,0.0181818182,0.0027696523,0.321485767,-0.2,-0.0017376249,0.0011965439,0.1800083323
0.2476823728,-0.2672583826,0.6495849874,0.0495867769,-0.0009302248,-0.0105539134,0.4,-0.0083025168,-0.0019703211,-0.0529576249
0.1150087447,0.1385480573,0,-0.1168831169,0.000498778,-0.0244793277,-0.1,-0.0168337822,-9.94642367115426E-19,0.0503010981
0.1243688666,-0.1368686869,0.1056710109,0.1454545455,0.0007700479,0.0327700502,-0.2,-0.0366019255,0.0032072299,-0.0085898798
0.1383188811,-0.2704590818,0.2649708532,-0.0202020202,-0.0001565402,0.0162867649,0.4,0.0032309904,0.0004190311,-0.0423252908
0.206356677,-0.1356356356,0.6047278725,0.1136363636,-0.0018420986,-0.0619174463,0.3,-0.0389040883,-0.0026067141,-0.3875826107
0.1485943894,0.4221183801,0.054634857,-0.1258741259,-0.0009574829,0.0118785756,0,-0.0023898043,0,-0.061646528
0.1081763037,0.1398348813,0.2152080344,0.2272727273,-0.0009359803,-0.0185227344,-0.04,-0.0105307067,0.0054626345,-0.0257602593
0.0782451688,-0.2754065041,0.1076040172,-0.0606060606,0.0001408236,-0.1052595251,-0.05,-0.0314761148,0,0.1481924567
0.1662863049,-0.2754065041,0.3298515668,0.0606060606,-0.0047275208,-0.1514716995,0.1333333333,-0.18055712,-0.0031666743,0.0759048102
0.1287054726,-0.1407061267,0.2757352941,-0.0454545455,0.0133373746,0.0081283523,0,0.0009190959,0.0287173811,-0.0689289581
0.1482152002,-0.1411458333,0.1644135915,0.0303030303,0.000868245,-0.0012868341,0,-0.0020261825,0.00388189,-0.0004671929
0.1260430017,-0.4208074534,0.2765996681,0.025974026,0.0006137914,-0.0840354311,0,0.0063611335,0.0034782941,0.5932615795
0.1452427866,-0.2831765935,0.0539665407,0.0909090909,-0.0013371469,-0.0329431328,0,-0.0234398482,-0.0021134877,-0.0670681308
0.1661096708,-0.2762487258,0.4453516422,0,0.0005410803,0.0152647643,0,-0.0201820604,-0.0031364267,0.2329363936
0.1975016469,-0.1424815983,0.3393665158,-0.0606060606,0.001729347,0.0552533361,0,0.0060215594,0.3934698562,0.07592322
0.140748432,0.1447649573,0.1702288632,-0.0909090909,0.0012016602,-0.0250028218,0,-0.0040050859,6.99715548198376E-19,0.0276499825
0.3174750296,-0.5809217578,0.3494467094,0.2727272727,0.0015741245,0.0385474472,0,0.00262185,0.0031845362,0.0353283147
0.2982759853,-0.1490649065,0.4173290938,-0.0363636364,0.0016145428,-0.2467512011,0,-0.0004525444,0.0004947505,0.067159465
0.219294286,0.1525900901,0.2384737679,-0.0227272727,0.000507224,-0.1806376881,0,-0.0023969206,0.0001139933,-0.0227268623
0.2195190593,0.3051801802,0.2368732728,-0.025974026,0.0002747202,-0.1886610572,-0.04,-0.0057404613,-0.0008690774,-0.0243444417
0.2255768286,0.3031319911,0.296091591,0.0303030303,0.0002247532,-0.3230911082,-0.05,-0.0085311916,-0.0006105593,-0.0051641228
0.2874642797,0.3031319911,0.0572956455,0.1038961039,-0.0007215305,0.1817148712,-0.0666666667,-0.2155121374,-0.0029939633,-0.1052377125
0.1863677787,-0.1466450216,0.4103967168,-0.0330578512,-0.0003363898,0.0165152856,-0.1,-0.0073832862,-8.37807973680803E-18,0.0017843295
0.1966810578,0.150055371,0.4173290938,0,2.7694662368582E-05,0,-0.2,-0.0261783861,0.0234238182,-0.0754516472
0.1778230616,0.1525900901,0.118835413,-0.0808080808,-0.0003238352,0.0015908843,1,0.0007696862,4.06580581057805E-19,-0.0149890521
0.178608472,0.1520763187,0.1192368839,0.1090909091,-0.0007833745,0.003752658,0,0.000723001,0.0022735726,0.0754516472
0.1122085215,0,0.0598205384,-0.1136363636,-0.0009734647,-0.2785062748,-0.04,-0.0013868557,0,0.3990608223
0.2067836352,0.1531073446,0.3651115619,0.2424242424,0.0002420968,-0.053924584,0.05,0.0086836392,0.0010528058,-0.0101232085
0.2848095852,0,0.1813053989,-0.025974026,-7.65089131800598E-05,-0.0207628772,0,-0.004648301,7.20464603637175E-19,-0.0475512224
0.3705733644,0.3093607306,0.2384737679,0.0606060606,0.000166401,-0.023336244,-0.04,-0.0249745552,-0.0030809686,-0.0566522469
0.2044748026,0,0.2409154788,0,-0.0001131186,-0.04290948,0.05,-0.0131844461,0.0280777614,0.151668007
0.3174998398,0,0.0590202636,-0.0227272727,-0.00198906,0.1088558585,-0.04,-0.0576916904,-0.0028907867,-0.1763948678
0.3227551649,0,0.5476673428,0.0779220779,0.0020233074,0,0.05,-0.016464716,0.0254312584,-0.0754516472
0.1540096849,0,0.1819284415,-0.0909090909,0.0008507645,0.0036506744,0,0.0071504799,8.3429686926808E-19,-0.0190567088
0.1711617001,0.3104238259,0.0598205384,0,-0.0008024555,-0.0159081437,-0.04,-0.0125074008,-0.0024651032,-0.0010196169
0.238213382,0,0.118835413,0.0727272727,-0.0020556264,0.0484845799,-0.05,0.0359186896,0.0059390629,-0.3803484058
0.1926806861,-0.1520763187,0.1176470588,0.025974026,-0.0063944019,0.028569776,-0.0666666667,0.0112492599,0.0032271395,-0.0569672554
0.1038082221,0.1505555556,0.3577106518,-0.0454545455,-0.000168058,-0.0146115295,-0.1,-0.0048032031,0,0.391307853
0.2425559128,-0.3051801802,0.4289215686,0.0909090909,-0.0070727451,0.0559838464,0.8,-0.0318479047,-0.000300176,-0.1130478288
0.144919513,0.3136574074,0,-0.101010101,-0.0015409394,-0.0070195235,-0.04,-0.0045589106,1.36495806459104E-18,-0.0010230732
0.213515354,-0.4640410959,0.1825557809,0.0454545455,0.0008243282,-0.0425482119,-0.05,-0.0029932241,-0.0010561232,0.0994166485
0.225025449,-0.4672413793,0.4349627175,0.1454545455,0.0062567376,-0.1434762314,0.1333333333,0.0133170236,0.0042077131,0.0952846516
0.1184432951,0.1590375587,0.1831874618,-0.0202020202,0.0004792139,-0.1558662837,-0.04,-0.008365872,-0.0006945687,-0.0419954692
0.1544781168,0.1562860438,0.1831874618,-0.0454545455,2.86586222703799E-05,0.0065541625,-0.05,-0.0143674758,1.12173632579443E-18,-0.0865298652
0.0928683921,-0.4688581315,0.0612745098,0,-0.0010848402,-0.0725842211,-0.0666666667,-0.0813068518,0.0011955588,-0.3731238991
0.0938237711,0,0.1221249746,-0.0606060606,-0.001082087,-0.0200806838,-0.1,-0.0227548719,-0.0015849905,-0.0564586463
0.1593786926,0.1562860438,0.059618442,0.2727272727,-0.005200597,0.1701354192,-0.2,0.0158798417,-0.0006858866,-1
0.1976738373,0,0.3601440576,0,0.0024888733,0.0583911088,0.4,-0.0043516874,0.00221214,-0.0445573741
0.0907654474,-0.1536281179,0.1204577394,-0.1090909091,0.0005735711,0.0187360597,-0.1,-0.0064719851,6.05219338328868E-19,-0.0150903294
0.1870198804,0,0.4304160689,0.1363636364,-0.0049904126,0.0135098387,-0.2,-0.0320075434,-0.0030227124,-0.0943800552
0.1340685555,0,0.1221249746,-0.0519480519,0.0036711756,0,1,0.0020761273,0.0106606066,-0.0754516472
0.1184307048,-0.1562860438,0.1831874618,-0.0363636364,0.0022145698,-0.1032183672,-0.04,-0.0059029664,-0.0031858293,0.5138868943
0.1231113213,-0.4688581315,0.0612745098,0,-0.0003892809,-0.093145462,0.05,0.0170712453,0.5311251209,-0.0103388554
0.2824555758,-0.4704861111,0.1234060058,0.3181818182,-0.003460253,-0.1217522202,0,0.0042288817,0.0042136336,0.0128757077
0.309167676,-0.3158508159,0.5652082897,0,-0.0279475803,0.0970295232,-0.04,-0.0045327044,-0.0010894842,-0.0094267613
0.2003511203,0.1607354686,0.0617030029,-0.0495867769,-0.004759833,-0.042644594,-0.05,-0.0051400883,0,-0.037986902
0.1209983784,-0.9475524476,0.3151260504,-0.0227272727,-0.0023178042,-0.0414711541,-0.0666666667,0.0185205743,0,0.1509032944
0.2022185529,0.3226190476,0.5115089514,0.0779220779,-0.0448342256,-0.0397193775,0.3,0.0013968379,0.0018380625,0.0254998622
0.2571846907,0,0.3243944637,0,0.0017384211,-0.0378633726,0,-0.0003856428,0.0007570362,0.0131908474
0.1967088305,0.6642156863,0.1278772379,-0.0727272727,0.0004210238,-0.0393359824,-0.04,-0.0073779691,-0.0004938951,-0.048025146
0.23612599,0,0.3907097895,0.1515151515,0.0003324285,-0.2374653821,0.05,0.0118562849,0.0006662785,0.1469460401
0.1810424666,-0.3333333333,0.1960784314,-0.0826446281,-3.48219324180161E-05,-0.1366796047,-0.04,-0.0010042447,0,-0.0240726684
0.1404647808,0,0.1946366782,0,-0.0002187125,-0.0726558912,-0.05,-0.0092066311,-0.0009874771,-0.0448335875
0.2179982292,0.1660539216,0.4609306409,0.0606060606,0.0021317928,0.0175531201,-0.0666666667,0.0552249852,0.0003777888,0.001109583
0.3348284891,0,0,0,-0.0025503657,-0.0699836134,0.3,-0.0160534551,0.0001658233,-0.0382725747
0.1368328594,-0.4945255474,0.0646412411,-0.0454545455,-0.0100708116,0.0292190207,-0.04,0.0059864483,0,-0.1522953912
0.1539941322,0,0.0644053242,-0.0606060606,0.0039833364,0.0389369874,-0.05,0.0161634103,-0.0009422815,0.0760105483
0.2325136947,-0.1648418491,0.1260504202,0.2272727273,0.0019338255,0.1959429514,-0.0666666667,0.001263347,-0.0013288341,0.0743420641
0.2291813476,0.3226190476,0.1242750621,-0.0404040404,0.0010159075,0.1672249593,-0.1,-0.0023582978,0.0022900333,0.0777039352
0.1731946577,-0.4771126761,0.0623570983,0,0.0007542187,0.0909733695,-0.2,-0.0051826387,-0.0014446134,-0.0339394727
0.1603981338,-0.1595995289,0.1864125932,0,0.0002151045,0.0284137301,0,0.0022209031,0.0019662758,0.0171048301
0.1138434045,-0.3180751174,0.2503128911,-0.025974026,-0.0002136068,-0.1178055959,0,-0.0055606567,5.57482744086638E-19,-0.0207779918
0.3117638629,0.4804964539,0,0.2121212121,0.0007672826,0.3783631694,0,0.0381290705,0.0022854043,0.0629886519
0.2309084358,-0.4593220339,0.1794616152,-0.0839160839,0.0002335446,0.1733725634,0.2,-0.003786024,0.0002332856,-0.020899752
0.2005103501,-0.1531073446,0.1200480192,-0.025974026,9.66143835963515E-05,0.0718975904,-0.2,-0.0047688656,-0.0005007161,0.0002666136
0.2994924271,0.4608843537,0.0586281024,0.0606060606,0.0004026106,0.1621329395,0.2,0.0090302179,0.0006124521,0.0407448556
0.3281238023,-0.300110742,0.1168679392,0.0227272727,0.0004144662,-0.0618719074,-0.2,-0.0016800809,0.0001256746,0.0139445472
0.3680138374,0,0.1707779886,0.0404040404,0.0003422117,0.2884282208,0,0.0060935636,0.0003545629,-0.0213566527
0.2134583275,0,0,-0.0495867769,0.0003636561,0.2062282205,0.2,-0.0037641588,0,0.0150903294
0.23871366,-0.4329073482,0.1142204455,0.0227272727,0.0001491984,-0.042300045,-0.2,-0.0060323566,-0.0004573025,-0.0123614093
0.1930006269,0,0.2306805075,-0.0606060606,-0.0002239834,-0.0321896772,0.2,-0.0112172523,6.12465106863063E-19,-0.0508859946
0.1891087536,0,0.472162109,0.1212121212,-0.0005242452,0.0515406733,-0.2,1,-0.003161207,-0.1205727316
0.2575390696,-0.4531772575,0.3517686144,0.0545454545,-0.0004994179,-0.0383576485,1,-0.0049977773,0.0291206462,0.1450618765
0.175542372,0.450166113,0.2912055911,-0.0839160839,-0.0007006609,-0.1844605831,-0.04,-0.0105635505,-0.0015836851,0.0075799844
0.0842825715,0,0.1164822365,-0.0779220779,-0.0006850296,-0.133143615,-0.05,0.0047539442,4.64938140029654E-18,-0.0295946267
0.1435990163,-0.1490649065,0.1747233547,0.0454545455,-0.0007815953,-0.0762999302,-0.0666666667,-0.229038963,-0.0024134067,-0.0373559626
0.1325525394,0,0.1753019088,0,-0.0008920185,-0.0372035502,-0.1,-0.0159435,0.0102334743,-0.1526697209
0.3070910228,-0.2991169978,0.2376708259,0.1454545455,-0.0008669122,0.0845343304,0.8,0.0646536412,0.0158336998,-0.1753853903
0.5741557394,0,0.0553199336,0.303030303,0.0040915857,0.49706529,-0.04,-0.0215512137,-0.0006905432,-0.3752661132
0.2875168626,0,0.3340137317,-0.1060606061,0.0005552294,0.1926668534,-0.05,-0.0034325522,0.0004831622,-0.0094314559
0.2001141271,0.427444795,0.5090497738,0.0363636364,-0.0002981561,0.0482991285,-0.0666666667,-0.0059010075,-0.0015285043,-0.0269470169
0.3352580393,0.2895299145,0.109609061,0,0.0005004643,0.1582269706,-0.1,0.0062419674,0.0011854866,0.0927738796
0.2226577384,-0.5610766046,0.1649257834,-0.0757575758,0.0001460051,-0.1973428569,-0.2,0.0007723996,0,0.0166146051
0.1308869213,-0.4221183801,0.0551470588,-0.0519480519,0.0001333935,0.0116569138,0,-0.0068844155,-0.0007706919,-0.0725246436
0.1579996882,0.2822916667,0.2731742852,0.1454545455,-0.0001847283,0.0639994952,0.2,0.0312582479,0.0031131374,0.3801144497
0.1965051644,-0.419504644,0.5010205975,0.0404040404,-0.0007223754,-0.0949636916,-0.2,-0.0151741743,-0.0018853235,-0.0115676404
0.2794753858,-0.427444795,0.5123339658,0.0165289256,-0.0013000106,0.0891213173,1,0.0251430827,-0.0004527431,-0.2509118752
0.1422748166,-0.4370967742,0.2277039848,-0.0757575758,-0.0015145725,-0.0264023287,0,-0.0045907911,6.10301433985931E-19,-0.0060721731
0.2013561197,0.2913978495,0.0567429544,-0.025974026,2.19777963648334E-05,-0.0722086474,0,-0.00305089,0.0008540774,-0.0135255652
0.1236752911,-0.4356913183,0.1142204455,-0.0606060606,-0.0001876073,-0.2549116435,-0.04,0.0002765543,1.93121954576009E-18,0.0408274651
0.2460845199,0.5846817691,0.1099505223,0.4545454545,0.0018444482,0.1413054511,-0.05,-0.0360587816,0.0025246933,-0.0974172912
0.1827925135,-0.1407061267,0,-0.1038961039,0.002055574,0.1470564793,-0.0666666667,-0.0051695756,0,0.1367256865
0.2103551973,0.2814122534,0.1639045711,0,0.0004907164,0.1165707593,-0.1,0.0006435612,0.0011353659,0.0137184813
0.1452268636,0.1398348813,0.2765996681,0.0606060606,-0.0001379287,-0.0022571182,-0.2,-0.006768544,-0.0018227654,-0.0291691626
0.1827395604,-0.4247648903,0.2248032971,-0.0227272727,-0.000578098,-0.0961164356,0,-0.0600640309,-0.0031659344,-0.0279891426
0.1454631163,-0.4315286624,0.1127607593,0,-0.000209502,0.0018294562,1,-0.0031880494,0.1239636311,-0.191661287
0.1036549171,0.1443024494,0.1686024728,-0.0519480519,-0.0004538491,-0.0538097282,-0.04,-0.0064763878,-0.0021217869,-0.0094314559
0.1105740087,0,0.4554079696,0.1090909091,-0.0013051099,-0.1559324067,-0.05,0.0057469903,0.0051976704,0.0638051966
0.1211213187,0.2913978495,0,-0.0681818182,0.0001064156,-0.131218968,-0.0666666667,-0.0017959345,0.001013877,-0.0460678974
0.1534805234,-0.2876857749,0.0554938957,0.1090909091,0.0012242018,0.1013780587,-0.1,-0.0348622575,-0.0013742798,-0.1367741324
0.1883955521,-0.142033543,0.1670068658,-0.0909090909,-0.0005284868,0.0454527518,-0.2,-0.0008464734,0.0014196969,0.0002410596
0.1334801457,-0.5699263933,0.39340577,0.3181818182,-0.000918434,0,0.4,-0.0098385976,0.000259995,-0.0754516472
0.2038401051,0.2876857749,0.0549752611,-0.0495867769,0.0011887963,0.0664935644,-0.1,0.1103761649,-0.0012256436,0.2095000171
0.4471618023,0.7035306334,0.2145539067,0.0909090909,0.0002768834,0.2801926518,-0.2,0.0052778483,0.0066065708,0.0261262797
0.1959078674,0,0.4370788563,-0.0606060606,-0.0019596953,0.0370607269,0.4,-0.0068844155,-0.0010948069,-0.0506174572
0.152848418,-0.2796697626,0,0,0.0008211323,0.0031775595,-0.1,-0.0175416856,-0.0014794134,-0.0148999152
0.1104170007,-0.4221183801,0.1092697141,-0.0227272727,0.0010663331,-0.0658221462,-0.2,-0.005292162,-0.0021737446,0.0959365291
0.1613935054,-0.5593395253,0.0544662309,-0.025974026,0.001798152,0.0030252026,0.6,0.0019592012,1.18235883201905E-18,-0.0508495525
0.1174268163,0.2788065844,0.1639045711,0,0.0004348131,-0.1587158237,-0.0666666667,-0.0214903346,0.0039734889,-0.2226855605
0.2082903937,-0.5593395253,0.2783447764,0.0909090909,-0.0004208676,0.0641639487,0.3,-0.0609672494,0.0041240392,0.0014015786
0.4575061868,-0.1424815983,1,0.1818181818,-0.0043207947,0.3091160489,0,0.0056856217,0.0049467317,0.190274481
0.2201730125,-0.3011111111,0.1764705882,-0.1111111111,0.0063871633,-0.0422509923,0,-0.003774478,0.0002172901,0.0066741837
0.166461828,0.4516666667,0.1164822365,-0.0519480519,0.0006416664,-0.2213112849,-0.04,-0.0051352501,-0.000686217,-0.0067736382
0.3142615494,-0.1490649065,0.4690248192,0.1090909091,0.0028088163,-0.3648901629,-0.05,-0.0048717966,-0.0016445918,0.0038376557
0.1533686922,0.300110742,0,-0.0227272727,-8.78852017891395E-05,-0.31384096,-0.0666666667,-0.0411925718,-8.92372701328624E-19,-0.0440008387
0.1128154463,0,0.1145912911,-0.025974026,-0.0004289112,0.0882427904,-0.1,0.0031184309,-0.0018978678,-0.1463203054
0.1116097432,0,0.2883506344,0,-5.86823298160255E-05,-0.001474891,-0.2,-0.003174816,-0.0023493142,-0.0188629118
0.1224955092,0.1476034858,0.1735776278,0,-0.0002321052,-0.0006468514,0,-0.0168661673,0.0223896202,-0.0505501135
0.145812311,-0.2961748634,0.2941176471,-0.0303030303,0.0005440182,0.0191751912,1,0.0265334836,0.0015909163,-0.1134281407
0.0953590429,0.3011111111,0,0.0363636364,-0.0004386047,-0.0332529828,-0.04,-0.0086064912,-0.0010661422,0.0720220269
0.1182111158,-0.2952069717,0.1145912911,0.0303030303,-0.0007781634,0,-0.05,-0.0380567068,-0.0013481521,-0.0754516472
0.1650913405,-0.7332251082,0.0563803796,0.1818181818,-0.0018623315,0.1638236699,0.1333333333,0.0054306772,0.0056299728,-0.2658067832
0.1500681911,-0.5772097977,0,-0.0649350649,-0.0052417162,0.0822445077,-0.04,-0.0034696965,0,0.0002473824
