date,open,high,low,close,volume,close_ma5,volume_ma5,close_ma10,volume_ma10,close_ma15,volume_ma15,close_ma30,volume_ma30,close_ma60,volume_ma60
2019-08-16,28600,28850,28150,28350,335508,,,,,,,,,,
2019-08-19,28400,28600,28250,28450,255709,,,,,,,,,,
2019-08-20,28300,28750,28050,28550,337834,,,,,,,,,,
2019-08-21,28550,28850,28150,28250,487234,,,,,,,,,,
2019-08-22,28250,28500,28150,28400,332308,28400.0,349718.6,,,,,,,,
2019-08-23,28400,28600,28200,28200,208894,28370.0,324395.8,,,,,,,,
2019-08-26,27900,28200,27650,28100,181548,28300.0,309563.6,,,,,,,,
2019-08-27,28000,28150,27850,27850,385761,28160.0,319149.0,,,,,,,,
2019-08-28,28000,28000,27700,27850,172864,28080.0,256275.0,,,,,,,,
2019-08-29,27900,28350,27850,28300,232436,28060.0,236300.6,28230.0,293009.6,,,,,,
2019-08-30,28300,28450,28200,28250,348068,28070.0,264135.4,28220.0,294265.6,,,,,,
2019-09-02,28000,28400,27950,28400,291924,28130.0,286210.6,28215.0,297887.1,,,,,,
2019-09-03,28200,28350,28050,28300,299058,28220.0,268870.0,28190.0,294009.5,,,,,,
2019-09-04,28100,28800,28100,28800,458075,28410.0,325912.2,28245.0,291093.6,,,,,,
2019-09-05,28550,29350,28550,28950,571663,28540.0,393757.6,28300.0,315029.1,28333.333333333332,326592.26666666666,,,,
2019-09-06,28750,29200,28700,29100,279191,28710.0,379982.2,28390.0,322058.8,28383.333333333332,322837.8,,,,
2019-09-09,28950,29300,28950,29150,207036,28860.0,363004.6,28495.0,324607.6,28430.0,319592.93333333335,,,,
2019-09-10,29200,29450,29100,29150,420497,29030.0,387292.4,28625.0,328081.2,28470.0,325103.8,,,,
2019-09-11,29400,29900,29350,29600,555829,29190.0,406843.2,28800.0,366377.7,28560.0,329676.8,,,,
2019-09-16,29750,30300,29450,30100,235950,29420.0,339700.6,28980.0,366729.1,28673.333333333332,323252.93333333335,,,,
2019-09-17,29300,30100,29300,29850,189844,29570.0,321831.2,29140.0,350906.7,28783.333333333332,321982.93333333335,,,,
2019-09-18,29650,29850,29400,29450,241091,29630.0,328642.2,29245.0,345823.4,28873.333333333332,325952.4666666667,,,,
2019-09-19,29400,29800,29250,29550,226976,29710.0,289938.0,29370.0,338615.2,28986.666666666668,315366.8,,,,
2019-09-20,29550,29600,29050,29250,358674,29640.0,250507.0,29415.0,328675.1,29080.0,327754.13333333336,,,,
2019-09-23,29300,29500,29100,29350,131864,29490.0,229689.8,29455.0,284695.2,29150.0,321049.3333333333,,,,
2019-09-24,29500,29600,29150,29300,209282,29380.0,233577.4,29475.0,277704.3,29220.0,311796.93333333335,,,,
2019-09-25,29600,30400,29400,30200,350331,29530.0,255425.4,29580.0,292033.8,29340.0,315690.73333333334,,,,
2019-09-26,29950,30250,29450,29700,192820,29560.0,248594.2,29635.0,269266.1,29433.333333333332,308608.2,,,,
2019-09-27,30200,30200,29450,29500,134566,29610.0,203772.6,29625.0,227139.8,29480.0,287040.93333333335,,,,
2019-09-30,29300,29800,29300,29550,274424,29650.0,232284.6,29570.0,230987.2,29520.0,267225.0,28926.666666666668,296908.63333333336,,
2019-10-01,29300,30200,29300,30100,224831,29810.0,235394.4,29595.0,234485.9,29586.666666666668,263601.0,28985.0,293219.4,,
2019-10-02,30100,30100,29600,29700,254834,29710.0,216295.0,29620.0,235860.2,29623.333333333332,266787.5333333333,29026.666666666668,293190.23333333334,,
2019-10-04,29550,29650,29200,29200,295556,29610.0,236842.2,29585.0,242718.2,29626.666666666668,258458.13333333333,29048.333333333332,291780.9666666667,,
2019-10-07,29150,29300,28800,29000,132283,29510.0,236385.6,29560.0,220079.1,29586.666666666668,230221.73333333334,29073.333333333332,279949.26666666666,,
2019-10-08,29100,29600,28950,29300,201828,29460.0,221866.4,29555.0,227075.5,29533.333333333332,227946.93333333332,29103.333333333332,275599.93333333335,,
2019-10-10,28850,29450,28800,29150,530648,29270.0,283029.8,29540.0,259212.1,29486.666666666668,250667.2,29135.0,286325.06666666665,,
2019-10-11,29450,29850,29350,29750,231783,29280.0,278419.6,29495.0,247357.3,29506.666666666668,250046.66666666666,29190.0,287999.56666666665,,
2019-10-14,30000,30350,29800,30200,277537,29480.0,274815.8,29545.0,255829.0,29550.0,253417.4,29268.333333333332,284392.1,,
2019-10-15,30300,30400,29950,30200,193216,29720.0,287002.4,29615.0,261694.0,29613.333333333332,242386.86666666667,29346.666666666668,285070.5,,
2019-10-16,30250,30500,29900,30400,280872,29940.0,302811.2,29700.0,262338.8,29683.333333333332,252320.73333333334,29416.666666666668,286685.0333333333,,
2019-10-17,30550,31200,30250,30750,314134,30260.0,259508.4,29765.0,271269.1,29780.0,259310.86666666667,29500.0,285553.9,,
2019-10-18,31250,31250,30550,30950,305081,30500.0,274168.0,29890.0,276293.8,29830.0,256294.2,29585.0,285992.4666666667,,
2019-10-21,31250,31250,30400,30800,211186,30620.0,260897.8,30050.0,267856.8,29903.333333333332,257518.6,29668.333333333332,283063.4,,
2019-10-22,30400,31300,30400,31000,250167,30780.0,272288.0,30250.0,279645.2,30003.333333333332,265225.3333333333,29741.666666666668,276133.13333333336,,
2019-10-23,30850,31250,30600,30900,148612,30880.0,245836.0,30410.0,274323.6,30093.333333333332,256837.86666666667,29806.666666666668,262031.43333333332,,
2019-10-24,30650,31150,30600,31050,167867,30940.0,216582.6,30600.0,238045.5,30156.666666666668,253040.26666666666,29871.666666666668,258320.63333333333,,
2019-10-25,30950,31250,30750,31150,154503,30980.0,186467.0,30740.0,230317.5,30253.333333333332,246351.53333333333,29938.333333333332,256569.53333333333,,
2019-10-28,31700,32000,31200,31350,241792,31090.0,192588.2,30855.0,226743.0,30396.666666666668,242767.26666666666,30011.666666666668,250612.7,,
2019-10-29,31400,31800,31350,31650,328929,31220.0,208340.6,31000.0,240314.3,30573.333333333332,255877.0,30080.0,243049.36666666667,,
2019-10-30,31650,31900,31450,31650,254850,31370.0,229588.2,31125.0,237712.1,30730.0,259411.8,30131.666666666668,243679.36666666667,,
2019-10-31,31600,31900,31250,31350,218293,31430.0,239673.4,31185.0,228128.0,30876.666666666668,238588.13333333333,30181.666666666668,244627.66666666666,,
2019-11-01,31250,32100,31250,31950,219988,31590.0,252770.4,31285.0,219618.7,31023.333333333332,237801.8,30265.0,243924.23333333334,,
2019-11-04,31600,32000,31150,31250,522549,31570.0,308921.8,31330.0,250755.0,31093.333333333332,254135.93333333332,30321.666666666668,253776.66666666666,,
2019-11-05,31000,31400,30250,30350,469702,31310.0,337076.4,31265.0,272708.5,31103.333333333332,272568.3333333333,30358.333333333332,257477.6,,
2019-11-06,30600,30700,30150,30200,370376,31020.0,360181.6,31195.0,294884.9,31090.0,278535.26666666666,30386.666666666668,265428.0,,
2019-11-07,30050,30600,30050,30350,235538,30820.0,363630.6,31125.0,301652.0,31063.333333333332,273295.5333333333,30421.666666666668,266303.2,,
2019-11-08,30350,30550,30150,30450,236446,30520.0,366922.2,31055.0,309846.3,31030.0,268719.86666666664,30430.0,262507.0333333333,,
2019-11-11,30500,31050,30450,31000,358434,30470.0,334099.2,31020.0,321510.5,31043.333333333332,278536.4,30473.333333333332,268027.5,,
2019-11-12,31000,31300,30650,31300,264174,30660.0,292993.6,30985.0,315035.0,31063.333333333332,279470.2,30533.333333333332,272347.76666666666,,
2019-11-13,31050,31500,31050,31400,241157,30900.0,267149.8,30960.0,313665.7,31096.666666666668,285639.86666666664,30595.0,271238.86666666664,29760.833333333332,284073.75
2019-11-14,31100,31150,30700,30950,273233,31020.0,274688.8,30920.0,319159.7,31090.0,292664.26666666666,30623.333333333332,272852.26666666666,29804.166666666668,283035.8333333333
2019-11-15,30550,31850,30500,31500,351116,31230.0,297622.8,30875.0,332272.5,31113.333333333332,305771.8,30683.333333333332,276061.6666666667,29855.0,284625.95
2019-11-18,31300,31900,31300,31450,167058,31320.0,259347.6,30895.0,296723.4,31120.0,300789.5333333333,30758.333333333332,271778.4,29903.333333333332,281779.68333333335
2019-11-19,31250,31500,30850,31450,277525,31350.0,262017.8,31005.0,277505.7,31106.666666666668,297362.6,30840.0,276619.8,29956.666666666668,278284.5333333333
2019-11-20,30900,31150,30600,30750,293612,31220.0,272508.8,31060.0,269829.3,31046.666666666668,299946.73333333334,30888.333333333332,279679.26666666666,29995.833333333332,277639.6
2019-11-21,30750,31250,29900,30350,350538,31100.0,287969.8,31060.0,281329.3,30980.0,308763.06666666665,30928.333333333332,273675.6,30031.666666666668,280000.3333333333
2019-11-22,30450,30500,29400,29500,420237,30700.0,301794.0,30965.0,299708.4,30816.666666666668,322113.0,30920.0,279957.4,30055.0,283978.48333333334
2019-11-25,29250,30050,29250,30000,203436,30410.0,309069.6,30865.0,284208.6,30733.333333333332,300838.8,30913.333333333332,277487.36666666664,30090.833333333332,280939.73333333334
2019-11-26,29900,30400,29800,29900,579019,30100.0,369368.4,30725.0,315693.1,30703.333333333332,308126.6,30903.333333333332,290347.4666666667,30125.0,287708.98333333334
2019-11-27,30350,30650,30150,30200,134895,29990.0,337625.0,30605.0,305066.9,30703.333333333332,292427.86666666664,30896.666666666668,285481.56666666665,30156.666666666668,286083.3
2019-11-28,29900,30200,29600,30150,205991,29950.0,308715.6,30525.0,298342.7,30690.0,290458.06666666665,30876.666666666668,281876.8,30188.333333333332,283715.35
2019-11-29,30250,30250,29200,29350,371663,29920.0,299000.8,30310.0,300397.4,30616.666666666668,299472.5333333333,30823.333333333332,284096.2,30204.166666666668,285044.3333333333
2019-12-02,29550,29950,29500,29950,239407,29910.0,306195.0,30160.0,307632.3,30546.666666666668,291537.4,30795.0,285036.9,30231.666666666668,284050.15
2019-12-03,30100,30200,29600,30150,205944,29960.0,231580.0,30030.0,300474.2,30470.0,287655.4,30766.666666666668,283562.8,30254.166666666668,279847.9666666667
2019-12-04,29400,30000,29350,29550,208408,29830.0,246282.6,29910.0,291953.8,30346.666666666668,285472.13333333336,30721.666666666668,285556.0,30264.166666666668,273793.7166666667
2019-12-05,29300,29550,29000,29250,215255,29650.0,248135.4,29800.0,278425.5,30233.333333333332,281606.93333333335,30661.666666666668,287135.6,30266.666666666668,272728.11666666664
2019-12-06,29350,29550,28900,29350,229446,29650.0,219692.0,29785.0,259346.4,30090.0,273495.6,30601.666666666668,289633.7,30270.0,273101.61666666664
2019-12-09,29100,29500,29100,29400,140697,29540.0,199950.0,29725.0,253072.5,29953.333333333332,271738.2,30536.666666666668,286263.86666666664,30274.166666666668,268438.2833333333
2019-12-10,29100,29400,29050,29150,198439,29340.0,198449.0,29650.0,215014.5,29800.0,266465.8,30453.333333333332,281914.2,30266.666666666668,262481.7833333333
2019-12-11,29400,29750,29150,29550,254625,29340.0,207692.4,29585.0,226987.5,29720.0,263866.6666666667,30383.333333333332,281906.7,30257.5,262793.0333333333
2019-12-12,29800,30000,29500,30000,518244,29490.0,268290.2,29570.0,258212.8,29696.666666666668,275047.06666666665,30338.333333333332,291905.06666666665,30260.0,268266.36666666664
2019-12-13,30350,30700,30150,30650,313180,29750.0,285037.0,29700.0,252364.5,29773.333333333332,267909.93333333335,30295.0,295011.4666666667,30280.0,269467.85
2019-12-16,30600,30700,30000,30250,542637,29920.0,365425.0,29730.0,282687.5,29790.0,290523.3333333333,30261.666666666668,295681.06666666665,30291.666666666668,274728.86666666664
2019-12-17,30000,30250,29900,30100,470182,30110.0,419773.6,29725.0,309111.3,29803.333333333332,283267.5333333333,30253.333333333332,295697.06666666665,30305.833333333332,276587.3333333333
2019-12-18,29850,30200,29800,29900,766954,30180.0,522239.4,29760.0,364965.9,29783.333333333332,325404.8,30243.333333333332,308916.3333333333,30315.0,287172.1666666667
2019-12-19,29900,30200,29800,30000,225039,30180.0,463598.4,29835.0,365944.3,29773.333333333332,326674.6666666667,30231.666666666668,308566.36666666664,30326.666666666668,287434.7833333333
2019-12-20,30150,30150,29750,29900,447048,30030.0,490372.0,29890.0,387704.5,29810.0,331700.3333333333,30213.333333333332,315586.43333333335,30321.666666666668,289046.73333333334
2019-12-23,29900,30100,29700,29950,254298,29970.0,432704.2,29945.0,399064.6,29810.0,332693.06666666665,30178.333333333332,312115.23333333334,30325.833333333332,290071.36666666664
2019-12-24,29900,30300,29900,30300,216787,30010.0,382025.2,30060.0,400899.4,29820.0,333415.93333333335,30145.0,310535.6666666667,30339.166666666668,291441.7166666667
2019-12-26,30500,30650,30200,30600,176187,30150.0,263871.8,30165.0,393055.6,29890.0,331267.86666666664,30118.333333333332,308370.0,30356.666666666668,289804.43333333335
2019-12-27,29750,29800,29500,29650,318395,30080.0,282543.0,30130.0,373070.7,29916.666666666668,338143.86666666664,30075.0,309875.4,30349.166666666668,291363.8333333333
2019-12-30,29800,29800,29450,29600,160145,30020.0,225162.4,30025.0,357767.2,29933.333333333332,333523.8,30011.666666666668,303509.7,30347.5,289785.68333333335
2020-01-02,29600,29750,29200,29250,225430,29880.0,219388.8,29925.0,326046.5,29923.333333333332,339172.6666666667,29938.333333333332,305455.43333333335,30348.333333333332,288616.9166666667
2020-01-03,29500,29500,29050,29150,937597,29650.0,363550.8,29830.0,372788.0,29923.333333333332,388449.86666666664,29861.666666666668,327457.8333333333,30350.833333333332,302038.81666666665
2020-01-06,29050,29250,28900,28950,158775,29320.0,360068.4,29735.0,311970.1,29883.333333333332,382059.86666666664,29801.666666666668,322963.26666666666,30345.0,301321.26666666666
2020-01-07,28750,29200,28700,29150,211623,29220.0,338714.0,29650.0,310628.5,29826.666666666668,361618.4666666667,29761.666666666668,318332.76666666666,30345.0,296004.18333333335
2020-01-08,28600,28650,28050,28500,330905,29000.0,372866.0,29510.0,299014.2,29683.333333333332,362800.13333333336,29728.333333333332,315355.0333333333,30324.166666666668,297656.2166666667
2020-01-09,28400,29050,28400,29000,415466,28950.0,410873.2,29415.0,315131.0,29600.0,354322.06666666665,29695.0,322422.7,30304.166666666668,299955.0333333333
2020-01-10,28550,29100,28500,29000,301108,28920.0,283575.4,29285.0,323563.1,29526.666666666668,343050.4666666667,29665.0,313159.0,30284.166666666668,301753.23333333334
2020-01-13,29000,29450,28800,29400,357270,29010.0,323274.4,29165.0,341671.4,29493.333333333332,315738.2,29638.333333333332,320571.5,30267.5,303026.5333333333
2020-01-14,29500,29500,29100,29300,342988,29040.0,349547.4,29130.0,344130.7,29446.666666666668,323601.4666666667,29610.0,325138.06666666665,30243.333333333332,303507.43333333335
2020-01-15,29150,29500,29050,29500,218209,29240.0,327008.2,29120.0,349937.1,29420.0,308345.5333333333,29615.0,320022.93333333335,30219.166666666668,302059.56666666665
2020-01-16,29150,29200,28600,28800,510462,29200.0,346007.4,29075.0,378440.3,29343.333333333332,325423.13333333336,29576.666666666668,329058.1,30185.833333333332,307047.5
2020-01-17,28600,28800,28550,28600,405335,29120.0,366852.8,29020.0,325214.1,29230.0,337993.0,29525.0,335704.4666666667,30145.833333333332,309633.63333333336
2020-01-20,28500,28950,28450,28700,304142,28980.0,356227.2,28995.0,339750.8,29103.333333333332,346523.3333333333,29496.666666666668,338895.6,30109.166666666668,312225.8
2020-01-21,28700,28750,28350,28350,267792,28790.0,341188.0,28915.0,345367.7,29016.666666666668,343149.8,29466.666666666668,340646.8333333333,30064.166666666668,313891.2166666667
2020-01-22,28650,28950,28550,28850,315836,28660.0,360713.4,28950.0,343860.8,28966.666666666668,353529.2,29450.0,343526.5,30025.833333333332,316580.1
2020-01-23,28600,28800,28450,28600,508864,28620.0,360393.8,28910.0,353200.6,28923.333333333332,372424.8,29423.333333333332,355798.73333333334,29980.0,321031.3
2020-01-28,28100,28450,27600,27650,525421,28430.0,384411.0,28775.0,375631.9,28823.333333333332,344946.4,29373.333333333332,366698.13333333336,29913.333333333332,324306.1666666667
2020-01-29,27600,27650,27100,27300,307883,28150.0,385159.2,28565.0,370693.2,28713.333333333332,354886.93333333335,29298.333333333332,368473.4,29840.833333333332,325190.05
2020-01-30,27350,28050,27200,28000,507576,28080.0,433116.0,28435.0,387152.0,28636.666666666668,374617.13333333336,29231.666666666668,368117.8,29785.0,330011.43333333335
2020-01-31,28300,28300,27500,27550,384395,27820.0,446827.8,28240.0,403770.6,28573.333333333332,378183.13333333336,29128.333333333332,370491.63333333336,29711.666666666668,332751.55
2020-02-03,27550,27600,27050,27100,434299,27520.0,431914.8,28070.0,396154.3,28446.666666666668,379438.6666666667,29023.333333333332,366880.36666666664,29642.5,331280.7166666667
2020-02-04,26950,27250,26500,26800,634520,27350.0,453734.6,27890.0,419072.8,28300.0,401666.13333333336,28913.333333333332,372358.3,29583.333333333332,334027.68333333335
2020-02-05,26700,26950,26650,26750,412730,27240.0,474704.0,27695.0,429931.6,28123.333333333332,405363.4666666667,28808.333333333332,360550.8333333333,29525.833333333332,334733.5833333333
2020-02-06,27100,27850,27100,27650,270219,27170.0,427232.6,27625.0,430174.3,28013.333333333332,400512.2,28730.0,362056.8333333333,29480.833333333332,335311.6
2020-02-07,27400,27750,27250,27300,376421,27120.0,425637.8,27470.0,436232.8,27866.666666666668,411059.6666666667,28643.333333333332,359702.6,29428.333333333332,337644.51666666666
2020-02-10,27100,27400,27000,27050,622853,27110.0,463348.6,27315.0,447631.7,27750.0,418552.4,28546.666666666668,371987.76666666666,29362.5,342051.5
2020-02-11,27050,27550,26950,26950,452954,27140.0,427035.4,27245.0,440385.0,27640.0,421727.0,28435.0,379860.0,29290.0,345197.8333333333
2020-02-12,26900,27500,26600,27200,692906,27230.0,483070.6,27235.0,478887.3,27540.0,447644.6,28321.666666666668,397083.9666666667,29220.0,352726.98333333334
2020-02-13,27150,27400,26800,26850,470372,27070.0,523101.2,27120.0,475166.9,27440.0,461149.93333333335,28228.333333333332,402149.86666666664,29151.666666666668,356012.63333333336
2020-02-14,26650,26950,26500,26650,317412,26940.0,511299.4,27030.0,468468.6,27293.333333333332,461255.0,28130.0,407392.1,29070.833333333332,355450.9
2020-02-17,26750,26750,26450,26450,288127,26820.0,444354.2,26965.0,453851.4,27150.0,446539.2,28036.666666666668,409482.0,28987.5,357468.7166666667
2020-02-18,26450,26600,26150,26200,451031,26670.0,443969.6,26905.0,435502.5,27053.333333333332,441579.86666666664,27938.333333333332,393263.13333333336,28900.0,360360.48333333334
2020-02-19,26100,26700,26100,26250,391808,26480.0,383750.0,26855.0,433410.3,26983.333333333332,447174.86666666664,27848.333333333332,401030.9,28825.0,361997.0833333333
2020-02-20,26100,26350,25750,25800,430445,26270.0,375764.6,26670.0,449432.9,26836.666666666668,442032.8,27736.666666666668,408324.9666666667,28749.166666666668,363328.86666666664
2020-02-21,25500,25750,25050,25050,469336,25950.0,406149.4,26445.0,458724.4,26670.0,447695.5333333333,27621.666666666668,412939.3333333333,28675.0,364147.18333333335
2020-02-24,24100,24500,23800,23800,687517,25420.0,486027.4,26120.0,465190.8,26450.0,464576.73333333334,27448.333333333332,422007.7,28571.666666666668,372215.2
2020-02-25,23500,24400,23350,24150,589514,25010.0,513724.0,25840.0,478846.8,26273.333333333332,461576.3333333333,27286.666666666668,431621.23333333334,28475.833333333332,372390.11666666664
2020-02-26,23700,24150,23600,23600,648056,24480.0,564973.6,25480.0,474361.8,26063.333333333332,477264.73333333334,27093.333333333332,441314.1,28365.833333333332,380942.8
2020-02-27,23700,24150,23500,23850,405903,24090.0,560065.2,25180.0,467914.9,25810.0,486310.3333333333,26911.666666666668,443411.26666666666,28260.833333333332,384274.6666666667
2020-02-28,23250,23550,22750,22800,962204,23640.0,658638.8,24795.0,532394.1,25510.0,525362.5333333333,26688.333333333332,468211.1,28151.666666666668,394117.01666666666
2020-03-02,23000,23650,22850,23050,429473,23490.0,607030.0,24455.0,546528.7,25243.333333333332,512470.5333333333,26496.666666666668,465511.4666666667,28036.666666666668,397284.7833333333
2020-03-03,23600,24000,23250,23350,574312,23330.0,603989.6,24170.0,558856.8,25003.333333333332,520561.06666666665,26321.666666666668,471144.0333333333,27923.333333333332,403424.25
2020-03-04,23450,23800,23250,23650,402946,23340.0,554967.6,23910.0,559970.6,24766.666666666668,501230.4,26153.333333333332,474437.5,27825.0,406666.55
2020-03-05,23700,24600,23550,24450,545039,23460.0,582794.8,23775.0,571430.0,24606.666666666668,506208.2,26023.333333333332,483679.06666666665,27745.0,412162.95
2020-03-06,24000,24150,23850,23950,393150,23690.0,468984.0,23665.0,563811.4,24426.666666666668,511257.4,25860.0,486256.2,27655.0,414891.35
2020-03-09,23600,24150,23250,23650,559149,23810.0,494919.2,23650.0,550974.6,24240.0,529325.5333333333,25695.0,487932.36666666664,27559.166666666668,421865.55
2020-03-10,23250,23850,23200,23400,711573,23820.0,522371.4,23575.0,563180.5,24053.333333333332,546695.0,25553.333333333332,494137.43333333335,27463.333333333332,430417.7833333333
2020-03-11,23200,23600,23000,23050,541687,23700.0,550119.6,23520.0,552543.6,23840.0,556686.9333333333,25411.666666666668,501930.9,27355.0,435202.15
2020-03-12,23450,23450,21750,22050,966872,23220.0,634486.2,23340.0,608640.5,23590.0,592448.7333333333,25213.333333333332,517240.76666666666,27222.5,442679.2833333333
2020-03-13,20500,21900,20100,21250,1130877,22680.0,782031.6,23185.0,625507.8,23336.666666666668,636551.4666666667,25003.333333333332,542123.5,27065.833333333332,456307.56666666665
2020-03-16,21150,21600,20900,20900,551313,22130.0,780464.4,22970.0,637691.8,23143.333333333332,627471.2,24796.666666666668,546023.9666666667,26910.0,456452.1666666667
2020-03-17,19500,20500,19500,19800,852460,21410.0,808641.8,22615.0,665506.6,22853.333333333332,645000.9333333333,24563.333333333332,553288.6333333333,26738.333333333332,462823.4666666667
2020-03-18,19800,20050,18500,18500,685727,20500.0,837449.8,22100.0,693784.7,22513.333333333332,647512.3333333334,24288.333333333332,562388.5333333333,26548.333333333332,461469.68333333335
2020-03-19,18300,18850,16300,16900,1359042,19470.0,915883.8,21345.0,775185.0,22050.0,711054.9333333333,23930.0,598682.6333333333,26330.0,480369.73333333334
2020-03-20,16900,17650,16450,17400,804523,18700.0,850613.0,20690.0,816322.3,21690.0,700542.8666666667,23600.0,612952.7,26121.666666666668,486327.65
2020-03-23,16100,16700,16000,16250,1149502,17770.0,970250.8,19950.0,875357.6,21236.666666666668,748544.8,23240.0,630507.6666666666,25893.333333333332,501247.7166666667
2020-03-24,16400,18500,16400,18250,863640,17460.0,972486.8,19435.0,890564.3,20896.666666666668,767833.3333333334,22950.0,644197.2,25692.5,512028.6
2020-03-25,18600,19500,18500,19350,832297,17630.0,1001800.8,19065.0,919625.3,20610.0,796456.7333333333,22688.333333333332,648843.5666666667,25505.0,522963.76666666666
2020-03-26,19500,20300,18500,19600,1071338,18170.0,944260.0,18820.0,930071.9,20286.666666666668,831543.3333333334,22446.666666666668,668875.7666666667,25337.5,535512.8166666667
2020-03-27,20100,20350,19650,20050,773410,18700.0,938037.4,18700.0,894325.2,20026.666666666668,856894.0,22226.666666666668,684075.7,25178.333333333332,545733.9
2020-03-30,19050,19500,18500,19300,1024366,19310.0,913010.2,18540.0,941630.5,19736.666666666668,887908.4666666667,21988.333333333332,708617.0,25012.5,559049.5
2020-03-31,19550,20100,19450,19750,797032,19610.0,899688.6,18535.0,936087.7,19493.333333333332,893605.7333333333,21773.333333333332,720150.3666666667,24855.833333333332,556706.75
2020-04-01,19450,19650,18450,18450,1179317,19430.0,969092.6,18530.0,985446.7,19186.666666666668,936114.4,21513.333333333332,746400.6666666666,24680.833333333332,573715.7833333333
2020-04-02,18350,19050,17700,18700,721070,19250.0,899039.0,18710.0,921649.5,18963.333333333332,919727.6,21276.666666666668,756088.1666666666,24506.666666666668,582206.5666666667
2020-04-03,18550,18850,18300,18650,567606,18970.0,857878.2,18835.0,897957.8,18790.0,882176.2,21063.333333333332,759363.8333333334,24342.5,586151.5833333334
2020-04-06,18700,20100,18700,20000,1134267,19110.0,879858.4,19210.0,896434.3,18730.0,921039.8,20936.666666666668,774255.5,24192.5,598131.6
2020-04-07,21000,21400,20500,20700,1802614,19300.0,1080974.8,19455.0,990331.7,18790.0,984383.4,20821.666666666668,814692.1666666666,24054.166666666668,623156.7
2020-04-08,20700,21450,20500,20750,2086382,19760.0,1262387.8,19595.0,1115740.2,18940.0,1077760.4,20726.666666666668,862636.3666666667,23910.0,651975.2333333333
2020-04-09,21350,24300,21200,23300,3190691,20680.0,1756312.0,19965.0,1327675.5,19366.666666666668,1199870.3333333333,20708.333333333332,955462.6333333333,23810.0,699436.95
2020-04-10,23600,24300,22650,24100,2076557,21770.0,2058102.2,20370.0,1457990.2,19813.333333333332,1284672.6,20751.666666666668,992607.7333333333,23720.0,730409.4166666666
2020-04-13,23800,24400,23300,23400,1112233,22450.0,2053695.4,20780.0,1466776.9,20290.0,1282188.0,20763.333333333332,1015366.4,23630.0,740438.9333333333
2020-04-14,23700,24250,23400,23700,812182,23050.0,1855609.0,21175.0,1468291.9,20653.333333333332,1278757.4666666666,20775.0,1023295.4,23548.333333333332,747219.7166666667
2020-04-16,23350,24850,23100,24700,1636066,23840.0,1765545.8,21800.0,1513966.8,21010.0,1332342.0666666667,20810.0,1064399.4,23481.666666666668,769418.45
2020-04-17,24300,25300,23950,24950,1703533,24170.0,1468114.2,22425.0,1612213.1,21366.666666666668,1374488.4,20826.666666666668,1103015.8666666667,23425.0,793347.4666666667
2020-04-20,24950,25400,24100,24400,1273107,24230.0,1307424.2,23000.0,1682763.2,21656.666666666668,1407801.5333333334,20841.666666666668,1132347.7666666666,23350.833333333332,809301.9833333333
2020-04-21,24300,24650,23350,24650,1174253,24480.0,1319828.2,23465.0,1686761.8,22013.333333333332,1417794.0,20875.0,1152851.2333333334,23285.0,820391.8
2020-04-22,24550,24950,24050,24800,860215,24700.0,1329434.8,23875.0,1592521.9,22350.0,1422006.2,20921.666666666668,1157805.9666666666,23237.5,825971.7
2020-04-23,24750,25100,24450,24450,746373,24650.0,1151496.2,24245.0,1458521.0,22750.0,1393143.2666666666,20968.333333333332,1164628.8333333333,23190.0,833279.8666666667
2020-04-24,24400,24450,24000,24150,518871,24490.0,914563.8,24330.0,1191339.0,23113.333333333332,1379663.3333333333,21038.333333333332,1149695.4666666666,23125.833333333332,833468.1166666667
2020-04-27,24000,24950,24000,24700,712120,24550.0,802366.4,24390.0,1054895.3,23516.666666666668,1389297.6,21153.333333333332,1135736.9,23078.333333333332,838930.2
2020-04-28,24750,25800,24750,25200,1078341,24660.0,783184.0,24570.0,1051506.1,23863.333333333332,1385569.2,21296.666666666668,1153304.5,23046.666666666668,849664.2333333333
2020-04-29,25300,25600,25050,25050,733928,24710.0,757926.6,24705.0,1043680.7,24153.333333333332,1314323.4666666666,21471.666666666668,1149353.4333333333,23017.5,851321.0333333333
2020-05-04,24300,24600,24150,24400,1384452,24700.0,885542.4,24675.0,1018519.3,24396.666666666668,1267528.1333333333,21668.333333333332,1172644.2666666666,22978.333333333332,867516.4
2020-05-06,24600,24800,24350,24400,878012,24750.0,957370.6,24620.0,935967.2,24470.0,1113349.5333333334,21918.333333333332,1156609.9333333333,22924.166666666668,877646.2833333333
2020-05-07,24400,24950,24050,24550,920533,24720.0,999053.2,24635.0,900709.8,24500.0,1036281.2666666667,22156.666666666668,1160476.9333333333,22878.333333333332,886714.8166666667
2020-05-08,25200,25450,24800,24900,1290000,24660.0,1041385.0,24660.0,912284.5,24600.0,1048132.4,22445.0,1165160.2,22842.5,897833.9333333333
2020-05-11,24350,24750,24200,24500,816549,24550.0,1057909.2,24630.0,907917.9,24653.333333333332,1048423.5333333333,22653.333333333332,1163590.5,22801.666666666668,903893.85
2020-05-12,24250,24450,23500,23800,901247,24430.0,961268.2,24565.0,923405.3,24593.333333333332,999435.6,22801.666666666668,1165888.8333333333,22745.0,907366.2
2020-05-13,23050,23300,22750,22800,1272235,24110.0,1040112.8,24430.0,998741.7,24450.0,970682.4,22908.333333333332,1172585.4,22677.5,920730.5833333334
2020-05-14,22650,23050,22350,22500,823244,23700.0,1020655.0,24210.0,1009854.1,24323.333333333332,940691.5333333333,22990.0,1174246.5333333334,22608.333333333332,929161.1166666667
2020-05-15,22550,23000,21750,23000,1098223,23320.0,982299.6,23990.0,1011842.3,24213.333333333332,935622.8666666667,23113.333333333332,1176708.4333333333,22550.833333333332,942662.7166666667
2020-05-18,23100,23300,22550,22900,585520,23000.0,936093.8,23775.0,997001.5,24086.666666666668,917309.8666666667,23218.333333333332,1169658.0333333334,22495.833333333332,944904.2
2020-05-19,24000,24300,23750,23800,1389176,23000.0,1033679.6,23715.0,997473.9,24043.333333333332,960163.4,23396.666666666668,1176653.3333333333,22455.0,961527.0
2020-05-20,24500,25500,24400,25000,2267014,23440.0,1232635.4,23775.0,1136374.1,24100.0,1076706.2666666666,23606.666666666668,1228184.8,22441.666666666668,992136.4833333333
2020-05-21,25350,25400,24700,24900,930611,23920.0,1254108.8,23810.0,1137381.9,24113.333333333332,1091272.3333333333,23815.0,1240284.9666666666,22439.166666666668,999824.4
2020-05-22,25050,25100,24300,24800,885067,24280.0,1211477.6,23800.0,1096888.6,24086.666666666668,1078387.4,23975.0,1231978.3,22455.833333333332,1003116.9
2020-05-25,25150,25150,24600,24950,572666,24690.0,1208906.8,23845.0,1072500.3,24080.0,1067636.6,24116.666666666668,1190980.0333333334,22469.166666666668,1002836.1
2020-05-26,25050,25250,24800,25150,802928,24960.0,1091657.2,23980.0,1062668.4,24130.0,1028868.3333333334,24263.333333333332,1148198.2333333334,22495.0,1005417.3
